{
  "results": [
    {
      "command": "../build/yaml2json large_6_5mb.yaml",
      "mean": 0.06837405835000002,
      "stddev": 0.0003640858115560819,
      "median": 0.068293854,
      "user": 0.06032105,
      "system": 0.006754699999999998,
      "min": 0.067798709,
      "max": 0.069181292,
      "times": [
        0.067931209,
        0.06821866700000001,
        0.06870625000000001,
        0.068302208,
        0.06907308300000001,
        0.06813100000000001,
        0.0682855,
        0.06823462500000001,
        0.068264,
        0.06851225000000001,
        0.06805975,
        0.068426375,
        0.06894729200000001,
        0.068096791,
        0.068323625,
        0.068453917,
        0.069181292,
        0.068101083,
        0.067798709,
        0.068433541
      ],
      "exit_codes": [
        0,
        0,
        0,
        0,
        0,
        0,
        0,
        0,
        0,
        0,
        0,
        0,
        0,
        0,
        0,
        0,
        0,
        0,
        0,
        0
      ]
    },
    {
      "command": "yq -o json large_6_5mb.yaml",
      "mean": 0.9919503417,
      "stddev": 0.04540764805761515,
      "median": 0.9823393335000001,
      "user": 1.4980190999999996,
      "system": 0.07850009999999999,
      "min": 0.96608,
      "max": 1.18225975,
      "times": [
        0.9801205000000001,
        0.96608,
        0.985205375,
        0.9897625000000001,
        0.9805397920000001,
        0.9824890000000001,
        0.9859992500000001,
        0.9756137090000001,
        0.984743625,
        0.9874361660000001,
        0.978584917,
        0.9737102500000001,
        0.9885066250000001,
        0.9929573330000001,
        0.9733237920000001,
        1.18225975,
        0.9974342920000001,
        0.9759745000000001,
        0.9821896670000001,
        0.9760757910000001
      ],
      "exit_codes": [
        0,
        0,
        0,
        0,
        0,
        0,
        0,
        0,
        0,
        0,
        0,
        0,
        0,
        0,
        0,
        0,
        0,
        0,
        0,
        0
      ]
    },
    {
      "command": "./lq . large_6_5mb.yaml",
      "mean": 0.8983731376000001,
      "stddev": 0.025054368184795138,
      "median": 0.8898965835000001,
      "user": 0.8451873500000001,
      "system": 0.04601945,
      "min": 0.884989417,
      "max": 0.9922653330000001,
      "times": [
        0.889018458,
        0.9922653330000001,
        0.8852232080000001,
        0.924288584,
        0.892314625,
        0.8884888750000001,
        0.884989417,
        0.8886402910000001,
        0.8914522500000001,
        0.888566917,
        0.8897023340000001,
        0.8908229590000001,
        0.8872350840000001,
        0.88990875,
        0.8865770000000001,
        0.890353625,
        0.8974613330000001,
        0.890825375,
        0.9294439170000001,
        0.8898844170000001
      ],
      "exit_codes": [
        0,
        0,
        0,
        0,
        0,
        0,
        0,
        0,
        0,
        0,
        0,
        0,
        0,
        0,
        0,
        0,
        0,
        0,
        0,
        0
      ]
    }
  ]
}
