{
  "results": [
    {
      "command": "../build/yaml2json medium_1mb.yaml",
      "mean": 0.012247251899999999,
      "stddev": 0.0010197350254201956,
      "median": 0.0119552915,
      "user": 0.0100907,
      "system": 0.0014535,
      "min": 0.011402708000000001,
      "max": 0.016132833000000003,
      "times": [
        0.011790375,
        0.011639583,
        0.011675166,
        0.01210075,
        0.011884791,
        0.012044792,
        0.012435958,
        0.012241666,
        0.011782250000000001,
        0.011688125,
        0.01194125,
        0.011672209000000001,
        0.011402708000000001,
        0.011835041000000001,
        0.013359375000000001,
        0.012041250000000002,
        0.012680833,
        0.016132833000000003,
        0.01262675,
        0.011969333
      ],
      "exit_codes": [
        0,
        0,
        0,
        0,
        0,
        0,
        0,
        0,
        0,
        0,
        0,
        0,
        0,
        0,
        0,
        0,
        0,
        0,
        0,
        0
      ]
    },
    {
      "command": "yq -o json medium_1mb.yaml",
      "mean": 0.16887327905,
      "stddev": 0.0029101499002948893,
      "median": 0.16870366650000002,
      "user": 0.25239564999999997,
      "system": 0.015877099999999998,
      "min": 0.165209667,
      "max": 0.176887542,
      "times": [
        0.170965166,
        0.17091225000000002,
        0.171994209,
        0.169442208,
        0.16635591600000002,
        0.171342458,
        0.16535175000000002,
        0.176887542,
        0.16863187500000001,
        0.165209667,
        0.170495,
        0.16571450000000001,
        0.16949250000000002,
        0.16877545800000002,
        0.16528758300000002,
        0.166115708,
        0.170537875,
        0.16710333300000002,
        0.168393083,
        0.1684575
      ],
      "exit_codes": [
        0,
        0,
        0,
        0,
        0,
        0,
        0,
        0,
        0,
        0,
        0,
        0,
        0,
        0,
        0,
        0,
        0,
        0,
        0,
        0
      ]
    },
    {
      "command": "./lq . medium_1mb.yaml",
      "mean": 0.15003117715,
      "stddev": 0.020835271805078222,
      "median": 0.1445092085,
      "user": 0.13489410000000002,
      "system": 0.009486700000000002,
      "min": 0.143091084,
      "max": 0.23762350000000002,
      "times": [
        0.143091084,
        0.14440154200000002,
        0.144905542,
        0.143773542,
        0.143789625,
        0.23762350000000002,
        0.154631458,
        0.151301959,
        0.144322125,
        0.14382962500000002,
        0.14452720800000002,
        0.14411358300000002,
        0.143173458,
        0.14451150000000001,
        0.14517116700000002,
        0.15012445800000002,
        0.14489000000000002,
        0.14453991700000002,
        0.143395333,
        0.144506917
      ],
      "exit_codes": [
        0,
        0,
        0,
        0,
        0,
        0,
        0,
        0,
        0,
        0,
        0,
        0,
        0,
        0,
        0,
        0,
        0,
        0,
        0,
        0
      ]
    }
  ]
}
