{
  "results": [
    {
      "command": "../build/yaml2json small_117kb.yaml",
      "mean": 0.0030984416000000006,
      "stddev": 0.0006641608667926612,
      "median": 0.002949521,
      "user": 0.0017690000000000002,
      "system": 0.0007920500000000001,
      "min": 0.0023745000000000003,
      "max": 0.004955500000000001,
      "times": [
        0.003017042,
        0.0031532920000000002,
        0.0026780000000000003,
        0.002687458,
        0.002510833,
        0.0025425,
        0.003160916,
        0.004955500000000001,
        0.0039648750000000005,
        0.004056125,
        0.0037205840000000003,
        0.0034234160000000003,
        0.003283667,
        0.002695625,
        0.0023745000000000003,
        0.002545916,
        0.002561625,
        0.002882,
        0.003264583,
        0.002490375
      ],
      "exit_codes": [
        0,
        0,
        0,
        0,
        0,
        0,
        0,
        0,
        0,
        0,
        0,
        0,
        0,
        0,
        0,
        0,
        0,
        0,
        0,
        0
      ]
    },
    {
      "command": "yq -o json small_117kb.yaml",
      "mean": 0.0227509042,
      "stddev": 0.0005186993333957745,
      "median": 0.0227098545,
      "user": 0.02905925,
      "system": 0.0040008000000000005,
      "min": 0.021659083000000003,
      "max": 0.023486625,
      "times": [
        0.021659083000000003,
        0.022232625000000002,
        0.022542708,
        0.022782625,
        0.023400792,
        0.023111541000000003,
        0.022107667,
        0.023458542000000002,
        0.023005042,
        0.022732459,
        0.022319709,
        0.023272750000000002,
        0.022638583,
        0.02205475,
        0.023280083,
        0.023486625,
        0.022687250000000003,
        0.022670584,
        0.023164875,
        0.022409791000000002
      ],
      "exit_codes": [
        0,
        0,
        0,
        0,
        0,
        0,
        0,
        0,
        0,
        0,
        0,
        0,
        0,
        0,
        0,
        0,
        0,
        0,
        0,
        0
      ]
    },
    {
      "command": "./lq . small_117kb.yaml",
      "mean": 0.020427256300000005,
      "stddev": 0.000393209292253683,
      "median": 0.0203747085,
      "user": 0.01726655,
      "system": 0.002271,
      "min": 0.019826458,
      "max": 0.021255458,
      "times": [
        0.019826458,
        0.020223334000000003,
        0.020859208,
        0.020224667,
        0.020421625000000002,
        0.02007025,
        0.019893042,
        0.020638167000000002,
        0.020743958,
        0.020974667000000002,
        0.021255458,
        0.021097125,
        0.020363084,
        0.020264667,
        0.020168166,
        0.020404750000000003,
        0.020376667,
        0.019967875,
        0.020399208000000002,
        0.020372750000000002
      ],
      "exit_codes": [
        0,
        0,
        0,
        0,
        0,
        0,
        0,
        0,
        0,
        0,
        0,
        0,
        0,
        0,
        0,
        0,
        0,
        0,
        0,
        0
      ]
    }
  ]
}
