{
  "results": [
    {
      "command": "../build/yaml2json very_large_13mb.yaml",
      "mean": 0.14044385635,
      "stddev": 0.0026883353225553483,
      "median": 0.13950579200000002,
      "user": 0.12408005,
      "system": 0.014265,
      "min": 0.13856679200000002,
      "max": 0.150210417,
      "times": [
        0.140285875,
        0.140662584,
        0.142032667,
        0.139258125,
        0.139756083,
        0.150210417,
        0.139452125,
        0.139086709,
        0.13943770800000002,
        0.139559459,
        0.139278292,
        0.13856679200000002,
        0.140317,
        0.139678083,
        0.1390115,
        0.13879950000000002,
        0.14487845800000002,
        0.13922520800000002,
        0.139298125,
        0.14008241700000001
      ],
      "exit_codes": [
        0,
        0,
        0,
        0,
        0,
        0,
        0,
        0,
        0,
        0,
        0,
        0,
        0,
        0,
        0,
        0,
        0,
        0,
        0,
        0
      ]
    },
    {
      "command": "yq -o json very_large_13mb.yaml",
      "mean": 2.0782376563500002,
      "stddev": 0.06303627509094799,
      "median": 2.052994375,
      "user": 3.0690217,
      "system": 0.16692529999999997,
      "min": 2.00914875,
      "max": 2.2259905,
      "times": [
        2.159196042,
        2.042157459,
        2.053281,
        2.107483833,
        2.00914875,
        2.022459667,
        2.078272333,
        2.050796042,
        2.199002917,
        2.2259905,
        2.01876375,
        2.176601,
        2.05270775,
        2.085326834,
        2.0450585,
        2.075073667,
        2.056725584,
        2.045051958,
        2.03444375,
        2.027211791
      ],
      "exit_codes": [
        0,
        0,
        0,
        0,
        0,
        0,
        0,
        0,
        0,
        0,
        0,
        0,
        0,
        0,
        0,
        0,
        0,
        0,
        0,
        0
      ]
    },
    {
      "command": "./lq . very_large_13mb.yaml",
      "mean": 1.8556344271500003,
      "stddev": 0.047554791191350275,
      "median": 1.8412229580000001,
      "user": 1.74465885,
      "system": 0.1020378,
      "min": 1.824135333,
      "max": 2.008125541,
      "times": [
        1.824135333,
        1.845290209,
        1.8421148330000001,
        1.83902275,
        1.8671209160000002,
        1.830801125,
        1.826750292,
        1.837242125,
        1.8340481670000002,
        1.8496075,
        1.973778084,
        1.8505317090000002,
        1.832655541,
        1.8352458340000002,
        1.846275458,
        2.008125541,
        1.8403310830000001,
        1.839577875,
        1.844937459,
        1.845096709
      ],
      "exit_codes": [
        0,
        0,
        0,
        0,
        0,
        0,
        0,
        0,
        0,
        0,
        0,
        0,
        0,
        0,
        0,
        0,
        0,
        0,
        0,
        0
      ]
    }
  ]
}
